<?xml version="1.0" encoding="UTF-8"?>
<extension type="component" version="4.0" method="upgrade" client="site">
	<name>Kata</name>
	<!-- The following elements are optional and free of formatting conttraints -->
	<creationDate>09/2020</creationDate>
	<author>Kataprodev</author>
	<authorEmail>kataprodev@gmail.com</authorEmail>
	<authorUrl>https://kataprodev.com</authorUrl>
	<copyright>Copyright (C) 2019 Kataprodev, All rights reserved.</copyright>
	<license>GNU/GPL Version 2 or later - http://www.gnu.org/licenses/gpl-2.0.html</license>
	<!--  The version string is recorded in the components table -->
	<version>4.0.3</version>
	<!-- The description is optional and defaults to the name -->
	<description>Kata Component</description>
	<namespace path="src">Joomla\Component\Kata</namespace>
	<install> <!-- Runs on install -->
		<sql>
			<file driver="mysql" charset="utf8">sql/install.mysql.utf8.sql</file>
		</sql>
	</install>
	<uninstall> <!-- Runs on uninstall -->
		<sql>
			<file driver="mysql" charset="utf8">sql/uninstall.mysql.utf8.sql</file>
		</sql>
	</uninstall>
	<files folder="site">
		<folder>Controller</folder>
		<folder>Helper</folder>
		<folder>Model</folder>
		<folder>Service</folder>
		<folder>tmpl</folder>
		<folder>View</folder>
		<folder>js</folder>
		<folder>css</folder>
	</files>
	
	<languages folder="site">
		<language tag="en-GB">language/en-GB/en-GB.com_kata.ini</language>
	</languages>
	
	<administration>
		<files folder="admin">
			<filename>access.xml</filename>
			<filename>config.xml</filename>
			<folder>forms</folder>
			<folder>services</folder>
			<folder>src</folder>
			<folder>tmpl</folder>
			<folder>sql</folder>
			<folder>js</folder>
		    <folder>css</folder>
		</files>
		<languages folder="admin">
			<language tag="en-GB">language/en-GB/en-GB.com_kata.ini</language>
			<language tag="en-GB">language/en-GB/en-GB.com_kata.sys.ini</language>
		</languages>
		<menu img="class:default" link="option=com_kata">Kata Component</menu>
		<submenu>
			<!--
				Note that all & must be escaped to &amp; for the file to be valid
				XML and be parsed by the installer
			-->
			<menu
				link="option=com_kata"
				view="kata"
				img="class:kata"
				>
				Kata
			</menu>	
		<menu link="option=com_kata&amp;view=sharynslide" view="sharynslide">
				Sharyn Slide
			</menu>	
		</submenu>
	</administration>
		<updateservers>
	<server type="extension" name="Kata Updates">https://raw.githubusercontent.com/Katapordev/kata/main/kataupdate.xml</server>
	</updateservers>	
	
	
</extension>
