<?xml version="1.0" encoding="UTF-8"?>
<extension type="component" version="4.0" method="upgrade" client="site">
	<name>Kata</name>
	<!-- The following elements are optional and free of formatting conttraints -->
	<creationDate>09/2020</creationDate>
	<author>Kataprodev</author>
	<authorEmail>kataprodev@gmail.com</authorEmail>
	<authorUrl>https://kataprodev.com</authorUrl>
	<copyright>Copyright (C) 2019 Kataprodev, All rights reserved.</copyright>
	<license>GNU/GPL Version 2 or later - http://www.gnu.org/licenses/gpl-2.0.html</license>
	<!--  The version string is recorded in the components table -->
	<version>4.0.0</version>
	<!-- The description is optional and defaults to the name -->
	<description>Kata Component</description>
	<namespace>Kata\Component\Kata</namespace>

	<install> <!-- Runs on install -->
		<sql>
			<file driver="mysql" charset="utf8">sql/install.mysql.utf8.sql</file>
		</sql>
	</install>
	<uninstall> <!-- Runs on uninstall -->
		<sql>
			<file driver="mysql" charset="utf8">sql/uninstall.mysql.utf8.sql</file>
		</sql>
	</uninstall>

	<!-- Site Main File Copy Section -->
	<!-- Note the folder attribute: This attribute describes the folder
		to copy FROM in the package to install therefore files copied
		in this section are copied from /site/ in the package -->

	<files folder="site">
		<folder>Controller</folder>
		<folder>Helper</folder>
		<folder>Model</folder>
		<folder>Service</folder>
		<folder>tmpl</folder>
		<folder>View</folder>
		<folder>js</folder>
		<folder>css</folder>
	</files>
	
	<languages folder="site">
		<language tag="en-GB">language/en-GB/en-GB.com_Kata.ini</language>
	</languages>
	
	<administration>
		<files folder="admin">
			<file>access.xml</file>
			<file>config.xml</file>
			<folder>Controller</folder>
			<folder>Extension</folder>
			<folder>forms</folder>
			<folder>Helper</folder>
			<folder>Model</folder>
			<folder>Service</folder>
			<folder>services</folder>
			<folder>sql</folder>
			<folder>Table</folder>
			<folder>tmpl</folder>
			<folder>View</folder>
		</files>
		<languages folder="admin">
			<language tag="en-GB">language/en-GB/en-GB.com_Kata.ini</language>
			<language tag="en-GB">language/en-GB/en-GB.com_Kata.sys.ini</language>
		</languages>
		<menu img="class:default" link="option=com_Kata">Kata Component</menu>
		<submenu>
			<!--
				Note that all & must be escaped to &amp; for the file to be valid
				XML and be parsed by the installer
			-->
			<menu
				link="option=com_Kata"
				view="kata"
				img="class:kata"
				>
				Kata
			</menu>
			<menu
				link="option=com_Kata"
				view="kata_date"
				>
			Kata Date
			</menu>			
		</submenu>
	</administration>
		<updateservers>
	<server type="extension" name="Kata Updates">https://github.com/Katapordev/com_Kata/raw/master/Kataupdate.xml</server>
	</updateservers>	
	
	
</extension>
